Modelo,Numero_Deteccoes,MAE_Medio,Std_Dev_Medio
LinearRegressionModelo,0,[0.09367778],0.07557682654219992
KNeighborsRegressorModelo,3,[0.46033423],0.5125280922205107
LassoRegressionModelo,4,0.8701904451674295,0.6990682209912434
RandomForestModelo,3,0.5010560961150152,0.5284750555593642
RidgeRegressionModelo,0,[0.1020285],0.07836630571506883
SVRModelo,4,0.6444003727332405,0.6851350020776608
