Modelo,MAE_Medio,Std_Dev_Medio
BayesianLinearRegressionModelo,0.09082080012235937,0.07261492654674385
HoeffdingTreeRegressorModelo,0.1145835292109634,0.08947153932545435
KNNRegressorOnlineModelo,0.11981561109580681,0.0947160458554899
LinearRegressionOnlineModelo,0.1145835292109634,0.08947153932545435
