Modelo,Numero_Deteccoes,MAE_Medio,Std_Dev_Medio
LinearRegressionModelo,0,[0.0918909],0.07323670241248492
KNeighborsRegressorModelo,4,[0.522095],0.5270533124154284
LassoRegressionModelo,4,0.7305449886886991,0.6583504846167548
RandomForestModelo,4,0.5017549080848117,0.5414870806209356
RidgeRegressionModelo,0,[0.10230485],0.07791943146968557
SVRModelo,4,0.6713658734727742,0.6828864784427644
